Fitness,Log_Likelihood_Value,Mean_Fitness,Kappa_Value,Inference_Time
0.0029069348096187673,-23.51870011531775,0.0,2.5,0.22787
-0.0971882160443841,-20.556423126412326,0.07771876389465544,2.5,0.18636
0.22607894525363142,-55.006731876536705,0.1552881459982436,2.5,
-0.06537555855480406,-20.749142647254327,0.2344847952517708,2.5,
0.012491840362835611,-23.752953095391756,0.3016484423075978,2.5,
0.1290189351760059,-30.04965804117597,0.34682324305915996,2.5,
-0.17015587611251112,-17.348346973196623,,,
-0.12014389285213711,-18.55372833239896,,,
-0.0356804153510898,-19.943891537655034,,,
-0.05267882295704705,-20.279025790011687,,,
-0.21574165041709997,-16.038956262774608,,,
-0.07878317560338316,-18.284699145724147,,,
-0.10998983582359308,-17.764826119254504,,,
0.02580643846694042,-24.832758030143502,,,
-0.331963168336904,-15.129403258601403,,,
-0.16569344503408523,-18.576268984470296,,,
0.08739442710454505,-26.489106932135417,,,
0.15991817759066979,-39.065152215722144,,,
-0.3173042312579349,-15.99895956485592,,,
0.04389030084645718,-27.48602479521013,,,
-0.13390369824466686,-17.428014941947268,,,
-0.22875764238557822,-17.55405366716125,,,
-0.14724133221465158,-18.038457841665586,,,
-0.08555505453745733,-18.682997017179847,,,
0.07459347532692047,-28.944234235029533,,,
0.010910153759099827,-22.017213463920193,,,
-0.00287405849024254,-21.846597495503815,,,
-0.07905108163802085,-18.276786326268077,,,
-0.052950487684769114,-18.49142184839631,,,
-0.07359064589755406,-19.461895524939163,,,
0.06006842683854686,-29.657082876345335,,,
-0.13276194253369603,-21.517335306870528,,,
-0.05181313579296506,-22.800840859537033,,,
-0.08448443871809672,-17.86468035102643,,,
-0.009815329252744349,-19.444318954698428,,,
-0.012147580303448114,-20.25014237363439,,,
-0.0034866708165404033,-22.529527361627395,,,
0.08888855591627867,-27.04421066938554,,,
-0.07365231344102784,-19.176319691386635,,,
0.13953478277974235,-33.45824831915946,,,
-0.06879162282243256,-17.23415947922497,,,
-0.11428131521857199,-18.704680109678755,,,
-0.0706693487320582,-19.633188120066308,,,
-0.01306183242593301,-20.79496510546046,,,
-0.024544955789131257,-21.146730016227266,,,
0.0942250036535106,-29.384352923240463,,,
0.10156245500680017,-24.153168569906466,,,
-0.0008518662816619588,-19.711630613720775,,,
-0.05960219783459071,-19.757802242212847,,,
-0.021107814431714677,-19.580310203234962,,,
0.10067427993727585,-28.604878777126956,,,
-0.0569504461327043,-23.03805013683332,,,
-0.19926064744731561,-16.021931557494124,,,
-0.14279437605238562,-16.971419950126865,,,
-0.1665361850619001,-16.392261737151767,,,
0.06890049737337822,-24.64678028005174,,,
-0.052644234471028485,-19.019457046590063,,,
0.21196570797748665,-40.159311652713065,,,
0.03534754405209758,-23.30739263627003,,,
-0.012039958937079688,-21.74314887124251,,,
-0.07292104108217179,-18.229764924365714,,,
0.0738319933486886,-28.7909993241383,,,
-0.11087737404977197,-18.348463786773614,,,
-0.11101872248556612,-17.575849641273443,,,
0.022958980143038498,-23.32284817878089,,,
-0.07871675895355666,-18.306738994434685,,,
0.11215497893421296,-31.39055362200303,,,
-0.07541026552792972,-20.55492323702231,,,
-0.3316410265267813,-14.898362412962715,,,
0.04813270611551907,-26.776755985748537,,,
-0.34783581701252025,-15.099986994289402,,,
0.12773994741251407,-35.70393168115826,,,
0.16002042789058113,-40.93248508047458,,,
-0.0775123953059584,-18.434592918830596,,,
-0.1543616707730319,-17.157219522589934,,,
-0.28633757084381356,-15.177413094103379,,,
0.049468418621175,-26.448032964455976,,,
-0.08566733631543387,-20.175396856507085,,,
-0.16044957690377665,-16.700220314398546,,,
-0.062167380498775786,-18.320320350239072,,,
0.18541116734899146,-43.134768156898126,,,
0.007982792554207184,-22.56957984555307,,,
-0.004020055283529875,-22.066329198716517,,,
0.05209962576741398,-25.27655492760668,,,
0.07529330776977106,-30.227419309771495,,,
0.09388234445123392,-25.21945580694288,,,
-0.1699860695401226,-16.83308186712494,,,
-0.0589976131555695,-16.896430039454366,,,
-0.16792051259257912,-17.324612954689783,,,
-0.11728919248625778,-19.24016833344071,,,
0.08734549505513883,-27.68517494814064,,,
-0.08642936851144846,-17.66709433226667,,,
-0.02496346605974897,-19.621047095904835,,,
-0.1496924943048673,-17.236079819223736,,,
-0.0959048671221941,-16.794633547761514,,,
0.06948514407679847,-25.93151016579009,,,
-0.1695326940221219,-18.209181144260675,,,
-0.16020011616911178,-17.40092697789993,,,
-0.006957381129691299,-22.03796907686938,,,
0.0289826559797964,-24.763200437447765,,,
0.047867199396353116,-27.9062170547243,,,
-0.035994623099917494,-22.662994702301063,,,
-0.2360675488332647,-15.07624650464625,,,
0.03933414753043901,-24.37473931394969,,,
0.011419681663742841,-22.641767652748406,,,
0.08469143329089414,-25.799354187958443,,,
-0.17146244853967024,-16.162087208379265,,,
0.24076517819976898,-57.45423528454816,,,
-0.19976092288963276,-16.582368251745475,,,
0.03422895416739881,-22.68596235606095,,,
-0.042440122868436916,-19.68738398105879,,,
-0.13217918888679941,-17.97858309640626,,,
0.02275747675376998,-23.27065445948784,,,
-0.07385793871657158,-17.470870904374767,,,
-0.4509129826244884,-13.714677941427354,,,
-0.18074910167502084,-14.892498431231036,,,
-0.011722769744310921,-22.52816864451164,,,
0.2118633604901853,-49.92274570418717,,,
-0.19678389441657698,-15.163542367910445,,,
-0.025509314490224613,-21.039768440242966,,,
0.10398213615371385,-33.17600952458697,,,
0.034940888289008674,-22.903462347962176,,,
-0.0644606987613625,-18.18621974966853,,,
-0.20028140030724226,-16.493957423778006,,,
-0.22330812552135842,-15.074574149156625,,,
-0.15198889301771254,-17.03761054598244,,,
-0.09257033434887052,-17.871845407122283,,,
-0.26850632906686656,-15.379313482383534,,,
-0.2655372756726243,-15.343242253458325,,,
-0.02588286220306344,-20.265845250261098,,,
-0.1483935886956461,-15.507067981737329,,,
-0.17252674869580567,-16.272164719125737,,,
-0.10157384338008707,-16.686044644542694,,,
-0.16334912905353588,-15.480559554215162,,,
0.07637772540865333,-25.36556812961082,,,
0.1390585032630455,-30.426915730930872,,,
0.18560091148607527,-40.957420986467376,,,
0.04549980769536106,-21.4294305005715,,,
0.015430201996208216,-24.216361723162397,,,
0.11460910270819888,-34.61713210532265,,,
0.15334468702388812,-39.30295405585612,,,
0.13195440734402306,-30.571215891894724,,,
0.0450700759091899,-24.885554569412882,,,
-0.15061787867163312,-17.906637876245057,,,
-0.26046007946221617,-17.525347661180167,,,
0.026842884132791036,-24.086812904834552,,,
-0.03177050946819395,-21.303473078441037,,,
-0.09052294125859424,-20.20924136208219,,,
-0.26147869904816784,-16.008693747617027,,,
-0.25804483437508174,-16.08126229206573,,,
0.10292859754773122,-29.74787866152427,,,
-0.016795956828701632,-21.904894019823928,,,
-0.15177416697810117,-16.731777471079905,,,
0.0328992418390394,-25.759643641267743,,,
0.004740857221138434,-22.125548318896122,,,
0.043607884028339296,-22.622165261484408,,,
0.19917487958691424,-44.04678640320982,,,
-0.08074522041612979,-18.114704792972034,,,
-0.19247358630014083,-16.446371520427096,,,
-0.05352891907946702,-18.565713082514787,,,
-0.10391656602491754,-16.543383516186214,,,
0.02129336913837371,-23.443786071754044,,,
-0.030330556413922613,-21.525478244697364,,,
-0.008126554892892587,-21.542303013757056,,,
-0.10328407812238148,-17.640950048635368,,,
0.011891307347788009,-21.90539730734008,,,
-0.08475256182369677,-19.302058759968762,,,
-0.010433576507827431,-23.579064473613435,,,
-0.09076208060087478,-19.945233761660102,,,
-0.1844431318559754,-16.406462630733166,,,
0.010426951284622725,-22.83840540932358,,,
-0.3196562346423337,-14.46720482923994,,,
0.12807443176386865,-35.67132754885466,,,
0.03252597840648425,-22.498713391604436,,,
0.000215802558143808,-24.1906608641886,,,
-0.021579315786903776,-20.483326685711816,,,
-0.06628950407651588,-20.797317403963756,,,
-0.2771654694440476,-15.331346246843086,,,
0.11334289292470447,-27.615947910786346,,,
-0.1787181429523291,-16.35951417865553,,,
0.07566231185725156,-27.572075035084026,,,
-0.08602226130025399,-18.13694163150813,,,
-0.05354592617573076,-19.796276417628277,,,
-0.06754204490801109,-18.51903450234111,,,
-0.1568345768367708,-16.873719690497353,,,
-0.14598636418780098,-18.9433053821224,,,
0.008420357938746114,-25.534604793116827,,,
-0.12273413565812444,-19.78717510738733,,,
-0.2296312123032363,-15.295184654719034,,,
-0.09439217251012963,-18.585300425027228,,,
-0.019536601756198913,-20.41832977922324,,,
0.08911727065837988,-29.43239904999244,,,
0.05811903529948991,-25.512048036161453,,,
-0.03030604067838339,-20.59174841549915,,,
-0.1755876257160852,-16.056968206596302,,,
0.06516998599337864,-25.47360040632337,,,
-0.04298803487482777,-19.237438307135342,,,
-0.09020714879048101,-19.088719866466676,,,
0.06237303956780635,-24.119358412044736,,,
0.009730984076383687,-23.64514801345995,,,
0.014183245868671156,-25.036942407067265,,,
-0.2415144469670242,-15.676152592076704,,,
-0.11528336839382372,-18.82029589041977,,,
-0.21867959166149195,-15.507338692469798,,,
-0.006887737688653903,-23.591447169882994,,,
-0.04387420797222542,-17.959983940709687,,,
0.045819079370796566,-24.749021251511646,,,
-0.03242523005852981,-20.64106884143344,,,
-0.10642306161905804,-17.11253453516815,,,
0.20164473171080954,-38.36994706662901,,,
-0.28466458262482586,-16.212915445141917,,,
-0.37764186416064044,-15.360157574562908,,,
-0.09709798204846386,-17.84749366003518,,,
0.026681833345718706,-25.34316491021222,,,
-0.06455771604926382,-18.35322880683364,,,
-0.07685720881688633,-17.689362091095663,,,
-0.18112658862399145,-17.36045715252649,,,
0.1270359855270383,-30.97869958521783,,,
-0.1105818232987468,-18.028772595785284,,,
-0.22242628790527103,-15.74760489085147,,,
-0.03295044218046193,-22.051150897293695,,,
-0.20040624247316977,-17.69870371879916,,,
-0.07699104740482147,-18.847961365179266,,,
0.10595727259831338,-32.583749620050355,,,
-0.10187759489744366,-17.795227582376718,,,
-0.04155960456443597,-19.56877466403848,,,
-0.07932517804187612,-18.42244181152439,,,
-0.09207977300232441,-17.89045545958697,,,
0.03378671387485155,-19.92499637427934,,,
0.020299451937531177,-23.769616219982044,,,
-0.15013073023472856,-16.493948342433992,,,
-0.1455012490519658,-17.06250259989438,,,
-0.044380915058455594,-18.12745288804503,,,
0.05377050331522843,-23.446291769493,,,
-0.0497901155268014,-19.81047734016554,,,
-0.025776567166090617,-21.766498374456525,,,
-0.3171989599170554,-14.995327612696617,,,
0.0638757790950893,-28.033002807494963,,,
-0.24561191200265237,-15.028457747662237,,,
-0.1736193787633805,-16.391560750897394,,,
-0.08250402222729476,-18.009671882909707,,,
-0.06874376167065252,-19.82853403915728,,,
-0.04689679823883041,-19.165712657980947,,,
-0.09661123968891408,-21.41120346922704,,,
-0.14489880765581203,-17.184534656084786,,,
-0.20578337182662707,-16.384035263490343,,,
-0.29742954887230555,-14.250928544648264,,,
-0.07009108682493008,-19.935655581804802,,,
-0.14677790976885519,-16.70061182208426,,,
0.0007570118499004443,-19.68362107410549,,,
-0.0930860393495296,-18.0716235750466,,,
0.05037812558529228,-22.717876165748265,,,
0.07134081559806849,-25.411308941613537,,,
0.031063244418298185,-25.204273761377266,,,
0.0753756660139044,-25.433638629127902,,,
0.047458673955640455,-24.538693622789886,,,
-0.04312463698774869,-19.227716422650822,,,
0.11780250939562613,-27.79855454713534,,,
-0.16673545967414502,-17.810402273697406,,,
-0.05930227989471644,-20.22781650333912,,,
0.031214229562298253,-26.279250562556165,,,
-0.09185407326451815,-17.693989008188236,,,
0.023818913025508523,-22.30747813866611,,,
-0.17550788108322982,-17.23389581907012,,,
-0.12481870148518834,-17.75061714350401,,,
0.03671379559688453,-22.71772472233668,,,
0.001961771842805781,-24.438589073174967,,,
0.08772607613620657,-29.798687178434577,,,
-0.09479403930436614,-19.753837398287867,,,
-0.02684433316216825,-20.29899118310133,,,
-0.0035550336617140694,-22.551714356969914,,,
0.002665673919179653,-21.26848805170663,,,
-0.14831918013228115,-16.50264885502718,,,
-0.1508215389449063,-17.037393191169894,,,
0.13134501576659344,-36.96284646647312,,,
-0.25874183135215,-16.71064854250024,,,
0.04527818659240131,-24.291324027421304,,,
-0.10392272620162911,-18.505760446402835,,,
0.07685664867918604,-27.371358272031266,,,
-0.08237851676138064,-18.68089581799782,,,
-0.04036570813913903,-23.65743455064345,,,
-0.3642595129698162,-15.861396284637316,,,
-0.07262975488050712,-19.510389372557587,,,
0.06320837140815039,-27.40619025825279,,,
-0.28909219461571123,-15.309888921413702,,,
0.0942756256456404,-31.671875607510376,,,
-0.11660884451894883,-18.870356144702026,,,
-0.039046571097615945,-20.693418988366172,,,
-0.644652450561561,-13.541087627628407,,,
0.07511124685509739,-26.65316276147985,,,
-0.1739584509951624,-15.274587015783528,,,
-0.10528641503398972,-17.99630954399569,,,
-0.18120512639870645,-16.77776257751069,,,
-0.11731204028800649,-17.619439213667324,,,
0.09026980267601296,-29.263217182455577,,,
-0.08010722150660722,-18.959362310967258,,,
0.046097714300039186,-25.632017546230543,,,
-0.09031928805720146,-18.133490727797984,,,
0.014979470028034094,-21.80452694875103,,,
-0.134684119295053,-18.342159506529523,,,
0.004127313543091888,-24.486106915838494,,,
0.2535789635009347,-62.948583234442054,,,
0.01870090861356917,-22.627179348947386,,,
-0.005653008710091764,-23.856071060304075,,,
-0.13564303740974257,-17.927196403596323,,,
0.08231945435413816,-27.688989873356938,,,
0.11142837192763073,-30.807553793534854,,,
-0.2866102431929257,-14.984178022657634,,,
-0.2670605261125754,-15.938157104405573,,,
0.19988748482727675,-45.72948529414678,,,
-0.006597420038060771,-19.683286272904226,,,
-0.06949203005135814,-19.810977738951713,,,
0.033616000708517016,-25.2055083545726,,,
0.07468086013774543,-27.146314211460705,,,
0.0567213641426453,-25.449354450349663,,,
-0.09785006425695955,-19.064480006682764,,,
0.18179880685893698,-38.29166652596468,,,
-0.035663950522151176,-21.36097241963163,,,
-0.17786144974911303,-15.850044607112878,,,
-0.16321287164507586,-15.87947983374135,,,
-0.07335485011630624,-22.140770635081658,,,
-0.1091151659570608,-19.269606866362363,,,
-0.02367961124180827,-18.648695799682645,,,
0.010348163081643106,-18.55177399778524,,,
-0.4442414768366462,-15.142652403144595,,,
-0.16921209294743342,-17.54672780356844,,,
0.08648560031124258,-24.366646673561547,,,
0.006535663206102106,-19.80095778881949,,,
-0.10901045444742002,-18.78045162836608,,,
-0.11769648403517179,-18.12117872435288,,,
0.08954367742427319,-29.640570529332127,,,
-0.07858657658251572,-24.665887960296477,,,
-0.07235181104620281,-17.501753044879987,,,
0.17450358044800413,-39.54843569529642,,,
-0.09390610427959481,-19.413905101729075,,,
0.024945849233047525,-23.722981500822257,,,
-0.052499412682890344,-18.495341159960457,,,
-0.06021539897314139,-20.064907204192117,,,
-0.17956732612315954,-16.456372455566264,,,
-0.12817583551782202,-19.11762175628537,,,
0.09226733448698969,-32.74705813810886,,,
-0.16895947797743643,-16.645148931244893,,,
-0.007372743328068952,-24.25372605413456,,,
-0.19273940567289854,-16.467099129952036,,,
-0.034685036882181955,-18.581668284195437,,,
-0.0675380194771422,-19.497327040851246,,,
-0.29476553397631167,-16.05390190244066,,,
0.08667049600940184,-32.92433576814408,,,
-0.08579909438015722,-19.049092681540476,,,
0.09776775565239233,-23.805629657256667,,,
-0.08529543319349171,-17.981494410721336,,,
0.047220427137656326,-29.34349270061252,,,
0.2153309290261201,-73.5528670607944,,,
-0.04775148287106623,-20.404634852127483,,,
-0.14346979285634234,-17.821683767407972,,,
-0.0014723006892165416,-21.86534893767197,,,
-0.08374522249446506,-23.290926023213707,,,
-0.03316647602918461,-19.76014482983692,,,
-0.07623030526078577,-19.585613918318487,,,
-0.11172420998887983,-20.166498756289776,,,
0.003297998844292117,-19.909457308530477,,,
-0.060651886796607685,-20.873409144297064,,,
-0.14711027009213887,-16.772354782865698,,,
0.022721432512270368,-24.156626226868717,,,
-0.05704560601740068,-19.490192636778808,,,
0.25091018611850013,-61.054604024065725,,,
-0.097173296472115,-18.585052808793876,,,
-0.11442396220762292,-17.37779825028555,,,
-0.1254165761585645,-16.442854336484636,,,
-0.013348719170268857,-22.29801421868502,,,
-0.16342709944481498,-17.139900070075054,,,
-0.18761836449124147,-16.308122874697563,,,
0.13866753305085636,-34.22440621129435,,,
-0.2648674190343636,-16.553944785759068,,,
0.1319735242078349,-29.10998252413348,,,
-0.010730429658407077,-21.46760029820766,,,
-0.1877486376028404,-15.357038749220255,,,
0.13853334349459825,-32.26823213300102,,,
-0.07751533266797536,-21.539997195478172,,,
-0.17965289830723646,-17.149124165016516,,,
-0.054904259316683565,-19.366397138089837,,,
0.11334392901399731,-31.238979799222072,,,
0.058726744263607744,-23.023863571234536,,,
0.050509642794028094,-25.90416656731922,,,
0.1456968341784912,-38.81470539305872,,,
-0.012272300070899213,-21.1485760949598,,,
-0.01673647762263614,-24.060442431345976,,,
-0.08520644972414011,-19.30345900736099,,,
-0.34496868132635866,-14.942205606832708,,,
-0.0802775567893888,-19.345196273187934,,,
0.13144546387141703,-32.697183285376425,,,
-0.25314228994868687,-15.371886036184112,,,
0.09789795834103816,-30.975968493726015,,,
-0.017737250766258428,-19.45661382871834,,,
-0.08629323195217767,-18.586547491550782,,,
-0.02487374671537872,-21.77581860280757,,,
0.13151843394581744,-36.725249786580555,,,
-0.047573760531436214,-19.647788794588017,,,
0.0587726081181155,-23.314331048499255,,,
0.0706168472246074,-25.876180288674988,,,
-0.15107939831357617,-18.232583164024163,,,
0.03617569397942489,-24.247153524334383,,,
-0.003655031200359611,-19.385523567669843,,,
-0.13196670162905522,-19.098889769047783,,,
0.029810525495265916,-23.063562917723935,,,
-0.04518509878583809,-19.754224428697707,,,
-0.06790449621008383,-15.96618893764138,,,
-0.18002127838206866,-15.2563436189632,,,
0.020402311285485236,-24.07661323617284,,,
-0.1536614064605933,-18.07033561863949,,,
-0.1172326806975781,-16.42347989110767,,,
-0.17029819389674247,-17.066748860114316,,,
-0.2348425653326856,-15.53537163532653,,,
-0.11546864411206766,-16.583252364965276,,,
0.03891640312984475,-24.26343005593465,,,
-0.2185949151002009,-15.231977764985746,,,
0.11326859904336034,-37.98792795131595,,,
0.006052452495366486,-20.63102260044406,,,
-0.06291074673742994,-19.321156775044184,,,
-0.10941670747634158,-16.331209910856487,,,
0.16360751164643844,-45.193756578948566,,,
-0.1984982098718652,-15.339227571869088,,,
0.02255465020873001,-22.789350642341944,,,
0.15536465970910046,-38.94084929947672,,,
-0.05322619561091955,-19.440039911149665,,,
-0.08502470345469221,-18.51923869446229,,,
-0.04516969988596444,-19.178260040798143,,,
0.03130944828122916,-27.164829590984386,,,
0.12046455887006575,-27.654318238214675,,,
0.0494295929113544,-23.37895214559591,,,
-0.2562540618660398,-19.39243835410349,,,
-0.15159272748520125,-16.706830510247787,,,
-0.03715851453101617,-20.263165721060794,,,
-0.23365642959490227,-15.326254795578198,,,
-0.06602526366203211,-18.002533140579676,,,
0.20829392573213326,-43.0119213630022,,,
-0.14442053404987576,-16.801457253817066,,,
0.11003876995291927,-29.976452208617406,,,
-0.21075518630153603,-15.922766718182604,,,
-0.03016518554658129,-19.205218517336064,,,
-0.11644126635397946,-18.95692801751369,,,
-0.25009181102831995,-15.32032552089088,,,
-0.03145839883437491,-20.071508406022875,,,
0.11213216907924552,-31.200081875740302,,,
0.048299794626269474,-23.62987592539948,,,
0.058171238284977986,-25.07347357660727,,,
-0.1007357773478341,-18.224690390489915,,,
-0.03951925153294289,-18.70392576556509,,,
-0.02503844765397617,-22.70993228851025,,,
0.05817243474846644,-26.257414825414912,,,
0.11134466676118446,-29.739512062911356,,,
-0.1559549694155751,-17.782634358682067,,,
0.13968392042134872,-30.03525543100038,,,
-0.17111432115241723,-18.2345467299908,,,
-0.10366084389571775,-18.26920770355248,,,
-0.20037505569216843,-15.625113631761383,,,
-0.03652163011075817,-20.709649330242634,,,
-0.08909440844790346,-18.462652485694612,,,
-0.20175207241961002,-16.476958939408977,,,
-0.09673266435283756,-19.794457728534525,,,
-0.02057163112689014,-20.515199322301594,,,
-0.12013999885643714,-16.50840991078016,,,
0.040633394509290446,-27.740449172162375,,,
-0.2047161443775469,-15.86424794798156,,,
0.06716839461452426,-29.0612273026721,,,
-0.06119816607413637,-18.695811917760757,,,
0.00013115379217906628,-21.434409141737238,,,
-0.16357352240921083,-15.865165650820188,,,
-0.020949371242065976,-19.485252142095053,,,
-0.09356171765847364,-18.372511288603548,,,
0.06796431709337689,-29.536386645453085,,,
-0.2728085538987253,-15.564151622772211,,,
0.1172004988922603,-28.46961235033873,,,
-0.19753147264251766,-15.873005727064875,,,
0.10680278715434866,-26.39701050268294,,,
0.044264423815036015,-25.238251932389893,,,
-0.12715942137374964,-17.280158325169147,,,
0.1838261606886,-36.97752587491706,,,
-0.22826700557834342,-15.632267404794973,,,
-0.013977040970470195,-20.12023966716166,,,
-0.06742266043074809,-19.471316088264686,,,
0.023430999225697993,-21.546508108247632,,,
-0.0172556879087068,-20.122882954126815,,,
0.02262749367703499,-23.978254009180024,,,
0.008039306212109668,-24.549982210388663,,,
-0.019068411211167643,-21.33657879803706,,,
-0.2433552153132113,-17.26061094721731,,,
-0.04760791290899422,-19.117867356164673,,,
0.06532346738266413,-27.25314212009924,,,
-0.1636925757857998,-16.057661726955992,,,
-0.06920017886937865,-20.33885894258905,,,
-0.2091746445565152,-16.690738456216348,,,
-0.09965104796378639,-17.18324082107032,,,
-0.2614882559571577,-15.063768250488195,,,
0.08360737731950689,-26.915812398376133,,,
-0.2507307410614323,-15.60028374388401,,,
-0.10854085986245963,-19.22338392901024,,,
0.05463313958291404,-25.568810753836853,,,
0.053617809537318546,-24.903735393194623,,,
0.05097009356150606,-25.207287502374356,,,
0.061437307501570025,-24.37196075788556,,,
-0.00505008145438729,-21.306182178052776,,,
0.042796335557415174,-23.93445432714241,,,
-0.06711037515040456,-19.638234786519305,,,
-0.046664660383819855,-19.48041372506884,,,
-0.2498304551800463,-15.576254696843595,,,
-0.032438880578474945,-19.62161077881218,,,
0.08906271826904981,-30.42361168377257,,,
-0.1522821444380531,-16.362555965083885,,,
-0.13830013354544773,-16.786695534925816,,,
-0.030756588105821436,-19.324707267097146,,,
0.07567953797821442,-26.903821053287288,,,
0.09619777933529343,-26.919473539638087,,,
-0.22942561951440743,-15.386288170352113,,,
0.006823731534735942,-20.649041278495893,,,
-0.15565492905646117,-17.386415736940112,,,
0.025120293900861897,-20.089361988303438,,,
-0.3231238494884477,-15.467713477226077,,,
0.06373557322361761,-28.251135965076543,,,
-0.13796622025951885,-16.628399279158884,,,
-0.049898831836825,-21.16407101801061,,,
-0.02024685313060249,-23.046107183225043,,,
-0.206350750562251,-17.35015723299153,,,
0.015226854068376412,-22.115511771449288,,,
-0.11025605697243064,-19.551620570258383,,,
-0.1446537959380245,-17.546077829268494,,,
0.04066645306046869,-25.139631732280236,,,
-0.04537543655305761,-17.833826035683998,,,
-0.14840832454082867,-16.78511781685731,,,
0.061844490848461345,-24.90719106336761,,,
-0.11032550161991606,-16.331136588587007,,,
-0.07769766615047698,-19.12451736267947,,,
0.0415858476824862,-26.207543514920864,,,
0.062325474546705756,-25.811810579587878,,,
0.08487885493589138,-25.832134026622573,,,
0.13724590838311893,-33.189534531166615,,,
-0.037606054828321245,-19.854899332516673,,,
-0.15514471114203432,-17.126611287034304,,,
0.14460371013212686,-31.835609019917744,,,
0.11776278022487773,-28.148657678390645,,,
-0.0652561243226992,-19.011579419711516,,,
0.03209195801242044,-26.002867228573916,,,
-0.041637303262099384,-17.70646172450645,,,
-0.2928504943942694,-15.134934295762747,,,
0.04185799007112811,-27.210973047390514,,,
0.012855739064808115,-20.909804187170064,,,
-0.04524732666882437,-19.605235048343932,,,
0.13840206240582056,-28.886323344013814,,,
0.12336996118854801,-32.40474510738532,,,
-0.09788100976105696,-17.86805432963883,,,
-0.1658800910434391,-17.70108848189256,,,
-0.22990515444501247,-15.637433977796412,,,
-0.031374704791121276,-18.821563972645492,,,
-0.05981948323060933,-18.247738860348292,,,
0.003716876733847752,-22.272579617408343,,,
-0.058932957318267254,-20.730197834263983,,,
-0.11119320023492871,-19.316679441451534,,,
-0.09808956824713436,-18.19564800564629,,,
-0.2776149018401903,-14.71790921754171,,,
0.09378862949907846,-32.80366061468356,,,
-0.11090844967730507,-20.044124653641774,,,
0.036584807590100486,-22.688988531437317,,,
-0.12890144082116128,-16.06488022554385,,,
-0.05380029777378295,-19.83252923136966,,,
0.03744465043431129,-24.00560925075397,,,
-0.1235633304896824,-17.445541026063417,,,
-0.16785052306399342,-16.75328529363433,,,
0.2158951073157347,-47.04362436392688,,,
-0.07713353499243063,-18.91698182796783,,,
0.044744194568449344,-22.64751924328704,,,
-0.01681742995371807,-20.6589848960675,,,
-0.08874766900902904,-18.382930514532564,,,
0.10710877511096331,-24.766190433006688,,,
-0.006868517567012323,-20.339235225054093,,,
-0.04279612844024566,-20.766388462850976,,,
-0.2803931637567337,-15.043748854976599,,,
0.003582919546340086,-23.230960744095952,,,
0.039593267642148905,-24.938829433887417,,,
-0.005964360843351057,-21.398303582101256,,,
-0.04745952348417731,-18.802729425218992,,,
0.09936235033224694,-25.90848517419563,,,
0.028932788363194774,-23.084193441799783,,,
0.002573546023198762,-25.60456398396648,,,
0.08551715733486019,-25.4469959144781,,,
0.04808880163251112,-22.681207488059144,,,
-0.2312277475424037,-17.870059696603107,,,
-0.021750910828818252,-21.54913616348128,,,
-0.1418292741755012,-16.28320102179014,,,
-0.242977647825905,-15.337951562666099,,,
-0.041957793250540235,-19.487372290090224,,,
-0.2888895214241961,-15.384735147078757,,,
-0.04540585320663524,-18.266828328627966,,,
-0.4309789702691663,-14.35672714006892,,,
-0.21803817716080304,-16.84850240626268,,,
-0.07761747676285835,-20.994675796567154,,,
-0.0537684757089094,-19.842086837133138,,,
-0.1031580423113197,-19.10540095571179,,,
-0.16552002947929242,-17.321493982640327,,,
-0.22899159857482854,-15.860481751742363,,,
0.137935057264015,-31.94286973795819,,,
-0.12591654230412777,-19.49291804956508,,,
-0.05111213404313087,-20.4230278371296,,,
0.1722065491452687,-45.316594943626114,,,
-0.2817504384018962,-15.340676621635453,,,
-0.31428309915832,-14.759331788252716,,,
-0.1420887656146391,-17.333730100645855,,,
-0.0655314021704207,-18.518596292587112,,,
-0.1847338083346395,-16.524418932203623,,,
-0.08134531977443175,-17.945655287679866,,,
-0.061494757070335325,-20.72405768206858,,,
-0.29142833281050523,-15.032729803892003,,,
0.026790108578854242,-19.865853018303653,,,
-0.2675356542594292,-16.72013749579357,,,
0.03927257491059494,-31.97995735150501,,,
-0.041191047272729604,-20.364212511362794,,,
0.20984280386864604,-43.49720349068381,,,
0.05777029932863644,-25.057728953016586,,,
-0.08422869256589391,-18.94573148556946,,,
0.008037593637204589,-20.80433674469758,,,
-0.02181544386644436,-20.077158241164128,,,
-0.1404684190465988,-18.220040409625287,,,
-0.18225932241924572,-15.938532061627377,,,
0.080918660954971,-25.058585801195406,,,
0.11747334548794029,-26.37943465699684,,,
-0.07404368506109422,-19.623124263186117,,,
-0.07079228995246399,-19.25342100169969,,,
-0.09529582854698326,-18.199951680486095,,,
0.0900082859921049,-28.066137826361825,,,
0.07316830738914465,-27.160175658386624,,,
-0.1651705895705028,-17.68276618476003,,,
-0.1289574732400235,-19.596450461675065,,,
-0.09464273389087186,-16.991537369092924,,,
0.006920217134326493,-23.113660482621654,,,
0.0320738021137092,-26.485332297306098,,,
0.09042891487722192,-26.785609597379377,,,
-0.0581199485756825,-20.109426793365976,,,
-0.17411946648091384,-16.891383844708802,,,
0.028195998343877773,-22.793039226046034,,,
0.011974512478919926,-21.57846380326645,,,
-0.09338943809675361,-18.73321301038822,,,
-0.006885793110245578,-20.81428789019768,,,
-0.0332309456287039,-23.857215501829632,,,
0.05312930163892844,-25.500149004735512,,,
-0.06491173124010498,-19.95692177598664,,,
0.003983614395175284,-23.49823834369088,,,
-0.018884146807209172,-22.089956929160266,,,
-0.1719108797339868,-15.833735948933395,,,
0.022678620333512457,-21.151256786359568,,,
-0.09436991702326573,-17.8388529772544,,,
0.08368833372555347,-31.603364933343666,,,
-0.20666162020749512,-16.12012036546502,,,
-0.14173898703389362,-16.163606331152454,,,
-0.025353830588518072,-21.1293684023751,,,
-0.39539546879507603,-13.93500646983517,,,
-0.04198141154599105,-21.432259953015127,,,
-0.13008152000244075,-16.797864312396406,,,
-0.14149231957360492,-18.995703754706717,,,
-0.08232550222607266,-20.20851668772471,,,
-0.26909253081283696,-14.592829526749252,,,
-0.06400689429567127,-18.724754287674678,,,
-0.0646780052733278,-19.008846119885906,,,
0.06889289119489989,-25.213823036029588,,,
0.09566001221004569,-28.471952528728963,,,
-0.03796908608375036,-22.56325077784419,,,
0.05899026984394639,-25.075455726460795,,,
-0.3865144134056755,-14.514770561666722,,,
0.011054061699896572,-21.435527207838202,,,
0.08607478942585574,-24.834777284403764,,,
0.021058130481978236,-23.995505000788594,,,
-0.0022551229738547547,-22.230761087570638,,,
-0.11281525758074956,-18.611306057754522,,,
-0.07742303838536502,-19.089864022979132,,,
-0.10690271878833013,-17.89355024678967,,,
0.007784716780934405,-21.726533005502993,,,
0.05918460037678676,-27.81722034260766,,,
-0.02157120254761624,-20.040589388206158,,,
-0.28514648812124366,-16.193660191373915,,,
0.15049920311803036,-39.88884174914017,,,
-0.1878178635754341,-16.117394969928416,,,
-0.4118384616712791,-13.462916632163406,,,
0.11942109021037615,-29.170299231866483,,,
0.06313005565821815,-26.436694170966636,,,
-0.021695261253151563,-20.02600102740478,,,
0.07067019558367824,-28.721733984341583,,,
-0.0007817034639786311,-21.5317218665652,,,
-0.10960929290655685,-17.778437611063733,,,
-0.024081668474770623,-18.522858161473085,,,
-0.21398557550370814,-15.986667754483484,,,
-0.09620785867489452,-18.339881763774372,,,
-0.1655821331965561,-16.312211204538755,,,
-0.09721430565296095,-19.160405398634932,,,
0.08724743840701073,-27.13869100602993,,,
-0.1241673463610579,-17.213435204643865,,,
0.0009012444756356554,-20.102540972649116,,,
-0.3325376288746895,-14.797831270180016,,,
-0.13852951608303551,-17.44358109274359,,,
0.040207489698714974,-24.19755545412525,,,
0.07500443930461316,-27.140507764365577,,,
0.05476826130128803,-26.891373057711004,,,
0.07212465668836561,-29.44931802330773,,,
-0.143168671274353,-15.77935999429383,,,
-0.16972020553337935,-17.1512495550555,,,
-0.4631643937312075,-14.080180125731896,,,
-0.06897083674583723,-18.992779766231763,,,
-0.04326307407671798,-18.382821970315227,,,
-0.03757399968796972,-19.960512426785847,,,
-0.0853789657164712,-17.207825251197402,,,
0.043161523773219135,-23.346092165509724,,,
0.0013466223882006652,-23.769851031604716,,,
-0.013192798429341923,-21.664133956685596,,,
-0.11755277902234937,-16.450405542025717,,,
-0.038052485005810634,-18.793450143688528,,,
-0.06656104124838082,-19.58003346211472,,,
-0.05784906850431315,-21.889648330933397,,,
0.027519470362610526,-27.02873790163961,,,
-0.03702086642930727,-19.001551907863966,,,
-0.23430200067643525,-16.907126152757264,,,
-0.050896231719342634,-19.14479473971064,,,
0.018487970146610397,-21.45890468762849,,,
-0.07774761572747456,-18.14995747553113,,,
-0.015464437618972846,-22.073506004353984,,,
-0.0782197787653803,-18.98279145049097,,,
0.11807156954285015,-26.599192100017593,,,
-0.019100238155099307,-21.579148657359454,,,
-0.03719228900654325,-19.84035812218438,,,
0.0803609831250391,-27.519055422965412,,,
0.05548055764907339,-24.211823010036497,,,
-0.07483515118280806,-22.599376674168422,,,
0.062430323518894375,-27.491387024436133,,,
0.03087932902717476,-24.299948760656886,,,
-0.02392859184155012,-23.186636182410968,,,
-0.05209003283602667,-19.436247024333138,,,
-0.2782335896811295,-15.977635207762123,,,
-0.055614891833546176,-20.500026376199845,,,
-0.020614085559135,-19.680585981050996,,,
-0.11206038187746735,-17.51798667044811,,,
0.10607640348063359,-32.94588383378472,,,
-0.06369447704354854,-19.72045543807689,,,
-0.24624553745905978,-15.423212325146512,,,
-0.10213215699244545,-17.450305427358867,,,
-0.09180772462500308,-21.286409049159566,,,
-0.06356238501547408,-18.94663073542846,,,
-0.1317245942558953,-15.709868779867485,,,
-0.020096653545228462,-23.218982171340045,,,
-0.3262663712131131,-14.632987910677603,,,
-0.12239142894650051,-17.541218751258636,,,
-0.008969658624176273,-20.19404521972001,,,
-0.10356401911869763,-17.38563191237134,,,
0.0482373663216054,-25.070084217029404,,,
0.03351307414670619,-23.377600675369926,,,
-0.12995483853830503,-18.825062653228176,,,
-0.3897495242510264,-14.08248920077316,,,
0.07513258457158582,-24.19273805963338,,,
0.09765589922777536,-31.873041688074174,,,
-0.2671517769085882,-16.1807664867511,,,
-0.0026549191128956923,-21.147208817520227,,,
0.02075512375473616,-22.584690602940732,,,
-0.23174953635933793,-17.336989451997283,,,
-0.08994643713005292,-17.430283965133928,,,
0.09509716575424397,-33.041913326891105,,,
-0.012965618427375872,-21.07412251914286,,,
-0.11040062769614241,-17.937535644580446,,,
0.08105483506139541,-26.658082450642265,,,
-0.12268084971283946,-17.88813040687853,,,
-0.28545360971644906,-15.283057372683466,,,
0.10299637727694409,-27.50893573372423,,,
-0.11769667926426837,-17.88392701240661,,,
-0.060931713983314754,-19.331587976565665,,,
0.11127989799723423,-29.718258938557053,,,
0.0051709576440348536,-21.217113936238,,,
-0.05575471969874861,-18.581726869843084,,,
-0.12087852985112152,-18.236391146180665,,,
0.014930287849113716,-21.897338627605038,,,
0.19310851769016796,-38.5811162516425,,,
-0.1312192546634745,-18.480457558999646,,,
-0.16116486522411314,-18.516961043720443,,,
-0.017165921780135877,-20.65315412417708,,,
-0.14469104173369896,-17.16402763161023,,,
-0.04694124634031655,-20.558749801576713,,,
-0.05816425519605643,-19.22371348334902,,,
0.021083621355871423,-22.813880186931527,,,
0.0073477051280598235,-21.26986099781456,,,
-0.030692565439593315,-22.592549572530345,,,
0.10095552044816816,-25.96423376799649,,,
-0.1403409994711777,-16.065464152545967,,,
-0.02407346604457415,-22.063678189830515,,,
-0.016259628316359857,-22.47592635196108,,,
-0.2287666839421974,-14.915556451605362,,,
-0.17630865115755226,-16.554757860031174,,,
-0.11468935003357854,-17.297342167356,,,
-0.12035870021364052,-17.991150525816106,,,
0.09834226913416454,-28.905237215951374,,,
-0.014609853914017977,-20.527828163307305,,,
0.2945800704075754,-114.83486321367252,,,
-0.11136955409622429,-18.09291452067379,,,
-0.058358629350553075,-17.899959894353966,,,
0.21928105083353933,-35.9046998520438,,,
-0.1537898984514724,-18.779245057978724,,,
0.1986797548117335,-62.07444784735155,,,
-0.5649976643262896,-13.868060695053874,,,
-0.167265787512783,-18.18303584306869,,,
0.12851197440947984,-27.183506385485156,,,
0.12800404583567765,-33.784295912313254,,,
-0.021879215841606025,-21.091135171224884,,,
-0.11185588864620773,-19.275744735413497,,,
-0.056577641249071206,-18.559916932284523,,,
0.009165842299342584,-21.96351732850446,,,
-0.026579924351000775,-23.473112255232955,,,
0.07902331422348026,-29.673112829858994,,,
-0.13636641748572134,-18.69065900769055,,,
0.022543411495986126,-25.76395724957346,,,
0.11372191974955073,-39.01293712173727,,,
0.3158332557426783,-163.32391027445874,,,
0.036479603783788825,-23.617319512159543,,,
0.028500385372440453,-22.759127511219077,,,
-0.19119603829672444,-17.04087156656347,,,
-0.21870887212889717,-16.552955187702686,,,
-0.623548265632671,-15.084281873414692,,,
0.01347143942492373,-28.172132920627828,,,
0.17922566287010974,-38.86809825292414,,,
-0.08143890959915763,-18.47806140034558,,,
-0.3842740466507013,-14.554009638044977,,,
-0.02049466072554,-22.275580969122434,,,
-0.0970413151618868,-18.053287406020434,,,
-0.11968423620924182,-17.33301730296682,,,
0.1511541806916474,-31.700953461279532,,,
0.10343828732521251,-31.281506118893365,,,
0.13690078165116062,-39.77657589744988,,,
-0.1941323106818682,-15.947610918066193,,,
0.0029674036692583267,-22.806941573056243,,,
-0.16307054477458002,-17.176518232055187,,,
0.07032593364111567,-26.924106019098122,,,
-0.15453266512443323,-17.14933987173976,,,
0.09867221575484443,-30.356443755448396,,,
0.013970515482079981,-19.526875320718094,,,
-0.00472922300884493,-22.84374902973383,,,
-0.30331126761981714,-15.875668910450372,,,
0.04755022159876288,-24.871768605776435,,,
-0.23166821794238707,-15.83851648361794,,,
-0.24460753565748997,-15.133403593069342,,,
-0.13728543599430298,-17.038084399046728,,,
0.18424223533141929,-40.78446053414794,,,
-0.07545068144146724,-20.492362741818393,,,
-0.10670638324392469,-17.709683823931925,,,
0.04031321085471365,-26.2973447285496,,,
0.2313357636384525,-46.40391972764022,,,
-0.12074760223238339,-18.02689297159489,,,
-0.1598025629229993,-18.022838397767085,,,
-0.18180264999469328,-16.727553221087533,,,
-0.04305588627660842,-18.91076848709284,,,
0.14970963685178273,-36.675002611143164,,,
-0.06767038653119596,-19.386942419548053,,,
-0.0794440432930295,-18.753611573091675,,,
-0.20487724921073636,-18.086418975102386,,,
-0.12525066898346734,-15.811613843595445,,,
0.11328916484409604,-27.90022366041709,,,
0.013435170721269356,-24.058721685254202,,,
0.022565804879403743,-25.092241526703507,,,
-0.25431195942554913,-15.850257653424624,,,
0.041849201196019516,-23.83606232884231,,,
0.006771257364743574,-22.14998324964824,,,
0.12881585309273294,-29.689797058532903,,,
0.07299661191672974,-25.190882263250124,,,
-0.05536047127420762,-19.846959657656356,,,
-0.009436781792959006,-21.090757737476583,,,
0.01590568594556849,-24.067947144167626,,,
-0.048300139156176314,-23.16028508747202,,,
-0.10818477033681176,-19.32487842877884,,,
0.07942868629344621,-31.36837431748992,,,
0.22441350831058385,-63.47073285033301,,,
-0.04819522956909199,-19.905836260083298,,,
0.1599322585165012,-33.77810308323051,,,
-0.08854665918460372,-17.590884027599834,,,
-0.06665897517285466,-18.157547583042888,,,
-0.06914902264261913,-21.859219413691378,,,
-0.10803098434880823,-18.943353839259817,,,
0.08173917706322582,-28.334569789125016,,,
0.09568654078608055,-29.45779868018628,,,
-0.6143127594045884,-14.06889673465309,,,
0.02883833555871067,-22.431441643588922,,,
-0.021788883523194916,-20.37805326888627,,,
0.16498133757105077,-34.33357885970834,,,
-0.15185249875117035,-16.302271699528347,,,
-0.06819179303700486,-19.64859231058822,,,
0.09835862250893403,-27.808528721276897,,,
0.06353913873281232,-26.76470776663913,,,
0.14351528042717596,-33.988779909192125,,,
-0.2137005770254153,-15.603804959679728,,,
-0.14113045579553804,-17.40390392448425,,,
0.014819619989739392,-23.613379846482893,,,
-0.2328682335705906,-14.576833389258038,,,
0.006444319062545221,-25.26990743531293,,,
0.07294590844231644,-25.589354605610367,,,
0.025150113619096498,-22.066420562242477,,,
-0.3127101737107059,-15.98568996473444,,,
-0.08136970994474682,-18.20554495683757,,,
-0.09644401697037751,-17.277988095634775,,,
-0.03388592350809423,-20.34831402281743,,,
-0.026967015194536918,-21.855284749456988,,,
-0.04415117145536235,-18.33205419668912,,,
-0.21911364519996654,-14.960967765367279,,,
-0.307846301864088,-15.424085216991063,,,
-0.16349408628092857,-19.5082352871769,,,
-0.19639487523710486,-16.977530420735572,,,
-0.13993889711017765,-17.249674767367665,,,
-0.22499894280905494,-17.2395948336563,,,
-0.054538725726542475,-21.120379521975586,,,
-0.03810646392482565,-17.52787774412499,,,
-0.03113570813778446,-20.283281138203275,,,
-0.038570492378199935,-24.076328716583966,,,
0.02002145086134779,-22.533558684835604,,,
-0.1327818357667111,-18.53101772135608,,,
-0.12542342122766253,-16.602107193910008,,,
-0.1889031384445612,-15.411696912086281,,,
-0.07974801390590941,-20.387676820548116,,,
0.07013900303038503,-27.36848365392789,,,
0.08987464802557062,-26.054569009964275,,,
-0.010224983722759725,-21.455498582907868,,,
-0.07521042372747315,-19.660725985907767,,,
0.008251051877841569,-27.61841484196567,,,
-0.09772937958458437,-18.402116368420888,,,
-0.2378230108949113,-16.11934874952988,,,
0.03235171761453087,-22.606369697013204,,,
-0.1259251898802115,-18.50278719607134,,,
-0.25120650916946,-14.815573337551797,,,
-0.059215749873670134,-18.608222489877825,,,
-0.18991120302990738,-17.164006362063216,,,
-0.05884335152096922,-18.30960428257362,,,
-0.16442080426089783,-15.900600166952135,,,
-0.061715841751819864,-19.639908359371532,,,
-0.13216407392295182,-17.895179041287054,,,
-0.04636503880214239,-19.651113046161125,,,
0.022446833099473852,-23.77303327290532,,,
-0.032985889976857745,-21.31493321803497,,,
-0.052388308180381475,-19.455338350194285,,,
0.06546579515543861,-27.63890655911283,,,
-0.2643160357396507,-15.943808221295438,,,
-0.05728982974887968,-17.79276193617496,,,
0.08377420411352508,-29.66150214697864,,,
0.0324449774483836,-23.588566602901878,,,
0.10481094557779717,-28.108520375076953,,,
-0.18925590133094994,-16.67384244751824,,,
0.06467926000833163,-23.371846889990227,,,
-0.09762332741053836,-17.24972991983674,,,
0.06709728507543512,-24.233757388187176,,,
-0.02491703668348739,-22.123275238687963,,,
0.05248961414684438,-25.91506652023055,,,
-0.1393884672975354,-16.52801199183659,,,
-0.027058189982658378,-18.297820114967234,,,
-0.26659700611524084,-15.57468842923819,,,
-0.004118425627090443,-27.35273084529178,,,
0.021242727184509813,-22.309945924778766,,,
-0.08232166895369221,-18.468327958126782,,,
0.060142925251102396,-29.006011400083885,,,
-0.011235061174318042,-21.317511627021563,,,
-0.010942576846873216,-22.27055042062007,,,
0.013909512949239922,-25.468724464147716,,,
-0.11917471439639937,-21.78000314096089,,,
0.044344605362548285,-24.569107464849047,,,
-0.004070662041377449,-21.004015369657036,,,
-0.003514012501324679,-24.022359154448854,,,
-0.07610925994095126,-20.3929349811925,,,
-0.06396082987633173,-18.99896923424614,,,
-0.15968906817685552,-17.812938228120736,,,
-0.0849870863661545,-17.653468589398752,,,
0.047803295759147574,-26.48148372424128,,,
-0.34153085678319783,-14.504976216400358,,,
-0.056315172003611004,-20.552058318066617,,,
0.3755160484666531,-162.40650485864683,,,
-0.052039844361888805,-19.5510762883021,,,
-0.05080312006345387,-22.052867841050745,,,
0.00785132078178335,-24.910913277099212,,,
-0.1488324148685752,-15.612573509914345,,,
-0.0154433235031479,-19.8485798006936,,,
-0.001152617153490869,-22.146706255360353,,,
-0.12896966856032469,-17.09862328820994,,,
0.10235748471112013,-32.76773823232863,,,
0.0029272959263718433,-22.31631441085732,,,
0.09757873268605939,-29.003601249682788,,,
-0.01811944675383073,-20.239370101393696,,,
0.07362201954165752,-26.03945939001526,,,
-0.03957440628829911,-20.925269230565366,,,
0.31745170629315334,-122.57958745401893,,,
0.12083023989417174,-29.05285586587195,,,
0.11346241938810353,-39.219897725544136,,,
0.0024167899486289826,-20.56838739411045,,,
-0.2328704241855006,-15.183319595588927,,,
-0.09716671521802372,-18.957983040099247,,,
0.03145397123147083,-25.597148848555467,,,
0.0053168990708982716,-19.57123969752394,,,
-0.07694719134330609,-17.53670408321486,,,
-0.14839756815726868,-16.79983615011563,,,
-0.23026204493162875,-17.81818920247226,,,
-0.06827395877726848,-21.814767766247172,,,
0.06387350938508785,-27.66484273269497,,,
0.060023652070033524,-26.74926200800237,,,
0.02144252218901823,-23.234615723013935,,,
-0.10916608437928992,-17.4709692597139,,,
-0.008564158384481943,-20.049017101567888,,,
-0.059117112182847056,-19.89630089885581,,,
